Unnamed: 0,lat,lng,device_model,device_platform,bottom,date_photo,image,viewing_angle,rain,fu_observed,fu_processed,fu_processed_clouds,fu_processed_old,fu_value,hue_angle,hue_angle_centre,hue_angle_centre_clouds,hue_angle_centre_old,hue_angle_clouds,hue_angle_old,macrophytes,overcast_hue_best,overcast_hue_best_fu,overcast_hue_center,overcast_hue_center_fu,p_chla,p_cloud_cover,p_colour,p_conductivity,p_dissolved_oxygen,p_ph,p_phycocyanin,p_salinity,p_temperature,sd_depth,sunny_hue_best,sunny_hue_best_fu,sunny_hue_center,sunny_hue_center_fu,user_n_code,nickname,user_points,user_photo_count,user_level,month_year,month,day,month_year_period,image_path,total_pixels,color_pixels,Flag,fu_processed_wacodi_processed
0.0,48.831573,9.2124704,EML-L29,android,0,2024-08-20 15:50:13,http://eyeonwater.org/media/eyeonwater_upload/28581.png,,0,0,5.0,,,5,,185.4077341561974,,,,,0.0,,0.0,188.8695482531853,5.0,,50.0,,,,6.0,,,,66.0,,0.0,185.4077341561974,5.0,,,,,,2024-08,8,2024-08-20,2024-08,C:\Users\janfa\reutlingen-university.de\ParKli - General\AP2_Ko_Produktion\AP2.3_Erzeugen_von_Trainingsdatensätzen\EyeOnWater\Dash_Python\urlTest\src\pages\..\assets\Bilder\28581.png,643260.0,59765.0,False,
11.0,48.7728909388608,9.16532777860989,"iPhone12,1",iOS,0,2024-04-25 09:17:01,http://eyeonwater.org/media/eyeonwater_upload/25987.png,3.0,0,0,12.0,,,11,67.1154561996154,69.3204207794995,,,,,0.0,61.6770535786644,13.0,63.3544972606083,12.0,0.0,100.0,0.0,0.0,0.0,6.75,0.0,0.0,0.0,0.56,67.1154561996154,12.0,69.3204207794995,11.0,,,,,,2024-04,4,2024-04-25,2024-04,C:\Users\janfa\reutlingen-university.de\ParKli - General\AP2_Ko_Produktion\AP2.3_Erzeugen_von_Trainingsdatensätzen\EyeOnWater\Dash_Python\urlTest\src\pages\..\assets\Bilder\25987.png,44380.0,4794.0,True,12.0
22.0,48.7730762,9.1656207,SM-G991B,Android,0,2024-04-25 09:09:30,http://eyeonwater.org/media/eyeonwater_upload/25977.png,0.0,0,0,11.0,,,12,72.75705008709,71.4556371887499,,,,,0.0,,0.0,68.0844012436555,11.0,0.0,100.0,0.0,0.0,0.0,0.0,0.0,0.0,0.0,0.0,72.75705008709,11.0,71.4556371887499,11.0,794.0,fauserja,100.0,25.0,2.0,2024-04,4,2024-04-25,2024-04,C:\Users\janfa\reutlingen-university.de\ParKli - General\AP2_Ko_Produktion\AP2.3_Erzeugen_von_Trainingsdatensätzen\EyeOnWater\Dash_Python\urlTest\src\pages\..\assets\Bilder\25977.png,108756.0,9086.0,True,11.0
23.0,48.772835,9.1640697,POT-LX1,Android,0,2024-03-22 12:41:35,http://eyeonwater.org/media/eyeonwater_upload/25733.png,15.0,0,0,19.0,,,18,28.8333225813825,30.3768494051955,,,,,0.0,24.2179369512176,20.0,25.6242821767238,20.0,0.0,100.0,0.0,0.0,0.0,0.0,0.0,0.0,0.0,0.65,28.8333225813825,19.0,30.3768494051955,19.0,,,,,,2024-03,3,2024-03-22,2024-03,C:\Users\janfa\reutlingen-university.de\ParKli - General\AP2_Ko_Produktion\AP2.3_Erzeugen_von_Trainingsdatensätzen\EyeOnWater\Dash_Python\urlTest\src\pages\..\assets\Bilder\25733.png,135072.0,6782.0,True,19.0
26.0,48.7732304,9.1647792,POT-LX1,Android,0,2024-03-13 02:19:19,http://eyeonwater.org/media/eyeonwater_upload/25644.png,5.0,0,0,18.0,,,18,,31.1515481555665,,,,,0.0,,0.0,16.7308188352734,21.0,0.0,100.0,0.0,0.0,0.0,7.0,0.0,0.0,0.0,0.61,,0.0,31.1515481555665,18.0,,,,,,2024-03,3,2024-03-13,2024-03,C:\Users\janfa\reutlingen-university.de\ParKli - General\AP2_Ko_Produktion\AP2.3_Erzeugen_von_Trainingsdatensätzen\EyeOnWater\Dash_Python\urlTest\src\pages\..\assets\Bilder\25644.png,116164.0,4596.0,False,
29.0,48.7725152511746,9.16464978483248,"iPhone12,1",iOS,0,2024-03-12 10:55:46,http://eyeonwater.org/media/eyeonwater_upload/25633.png,2.0,0,0,13.0,,,13,,60.5196819941077,,,,,0.0,,0.0,161.277612612113,6.0,0.0,0.0,0.0,0.0,0.0,0.0,0.0,0.0,0.0,0.0,,0.0,60.5196819941077,13.0,,,,,,2024-03,3,2024-03-12,2024-03,C:\Users\janfa\reutlingen-university.de\ParKli - General\AP2_Ko_Produktion\AP2.3_Erzeugen_von_Trainingsdatensätzen\EyeOnWater\Dash_Python\urlTest\src\pages\..\assets\Bilder\25633.png,182381.0,6182.0,False,
30.0,48.772928380344,9.16543970185125,"iPhone12,1",iOS,0,2024-03-12 10:55:27,http://eyeonwater.org/media/eyeonwater_upload/25632.png,0.0,0,0,13.0,,,12,60.3151950171113,62.7558623237664,,,,,0.0,52.8505050131424,14.0,99.8493128128953,8.0,0.0,100.0,0.0,0.0,0.0,0.0,0.0,0.0,0.0,0.0,60.3151950171113,13.0,62.7558623237664,12.0,,,,,,2024-03,3,2024-03-12,2024-03,C:\Users\janfa\reutlingen-university.de\ParKli - General\AP2_Ko_Produktion\AP2.3_Erzeugen_von_Trainingsdatensätzen\EyeOnWater\Dash_Python\urlTest\src\pages\..\assets\Bilder\25632.png,182381.0,7605.0,True,13.0
32.0,48.7725596563572,9.1646851385411,"iPhone12,1",iOS,0,2024-03-06 01:12:18,http://eyeonwater.org/media/eyeonwater_upload/25610.png,7.0,1,0,17.0,,,16,37.6154038941882,33.1405751926413,,,,,0.0,,0.0,14.5108588758747,21.0,0.0,100.0,0.0,0.0,0.0,6.75,0.0,0.0,0.0,0.57,37.6154038941882,17.0,33.1405751926413,18.0,1434.0,Mika,20.0,3.0,1.0,2024-03,3,2024-03-06,2024-03,C:\Users\janfa\reutlingen-university.de\ParKli - General\AP2_Ko_Produktion\AP2.3_Erzeugen_von_Trainingsdatensätzen\EyeOnWater\Dash_Python\urlTest\src\pages\..\assets\Bilder\25610.png,182381.0,4194.0,True,17.0
40.0,48.7729068892531,9.16463169270117,"iPhone13,2",iOS,0,2024-02-28 07:47:21,http://eyeonwater.org/media/eyeonwater_upload/25605.png,9.0,0,0,16.0,,,17,41.6879059405302,42.1951409058839,,,,,0.0,28.3263980091917,19.0,29.4634281104296,19.0,0.0,75.0,0.0,0.0,0.0,0.0,0.0,0.0,0.0,0.0,41.6879059405302,16.0,42.1951409058839,16.0,,,,,,2024-02,2,2024-02-28,2024-02,C:\Users\janfa\reutlingen-university.de\ParKli - General\AP2_Ko_Produktion\AP2.3_Erzeugen_von_Trainingsdatensätzen\EyeOnWater\Dash_Python\urlTest\src\pages\..\assets\Bilder\25605.png,159120.0,2607.0,True,16.0
42.0,48.7728175145303,9.16498594155493,"iPhone13,3",iOS,0,2024-02-28 01:46:00,http://eyeonwater.org/media/eyeonwater_upload/25589.png,0.0,0,0,14.0,,,13,56.3174809226039,58.1604369500055,,,,,0.0,,0.0,47.6307544727011,15.0,0.0,100.0,0.0,0.0,0.0,6.5,0.0,0.0,0.0,0.51,56.3174809226039,14.0,58.1604369500055,13.0,695.0,Netti,280.0,72.0,3.0,2024-02,2,2024-02-28,2024-02,C:\Users\janfa\reutlingen-university.de\ParKli - General\AP2_Ko_Produktion\AP2.3_Erzeugen_von_Trainingsdatensätzen\EyeOnWater\Dash_Python\urlTest\src\pages\..\assets\Bilder\25589.png,57334.0,1074.0,True,14.0
,48.7726113312801,9.16464119570022,"iPhone13,3",iOS,0,2023-07-25 08:12:35,http://eyeonwater.org/media/eyeonwater_upload/24532.png,1.0,0,0,12.0,,,13,64.3776845420676,65.0570918654653,,,,,0.0,60.2620967223936,13.0,61.3699014411893,13.0,0.0,75.0,0.0,0.0,0.0,6.75,0.0,0.0,0.0,0.3,64.3776845420676,12.0,65.0570918654653,12.0,695.0,Netti,280.0,72.0,3.0,2023-07,7,2023-07-25,2023-07,C:\Users\janfa\reutlingen-university.de\ParKli - General\AP2_Ko_Produktion\AP2.3_Erzeugen_von_Trainingsdatensätzen\EyeOnWater\Dash_Python\urlTest\src\pages\..\assets\Bilder\24532.png,134487.0,4082.0,True,12.0
,48.7732402,9.1659268,SM-G991B,Android,0,2023-05-08 08:24:58,http://eyeonwater.org/media/eyeonwater_upload/24203.png,0.0,0,0,13.0,,,14,59.6459076510288,57.8933734392418,,,,,0.0,56.3751125998049,14.0,43.8387278460772,16.0,0.0,100.0,0.0,0.0,0.0,6.0,0.0,0.0,0.0,0.46,59.6459076510288,13.0,57.8933734392418,13.0,1155.0,schloss4,30.0,4.0,1.0,2023-05,5,2023-05-08,2023-05,C:\Users\janfa\reutlingen-university.de\ParKli - General\AP2_Ko_Produktion\AP2.3_Erzeugen_von_Trainingsdatensätzen\EyeOnWater\Dash_Python\urlTest\src\pages\..\assets\Bilder\24203.png,104794.0,3005.0,True,13.0
,48.7723972,9.1645098,SM-G991B,Android,0,2023-05-08 08:23:09,http://eyeonwater.org/media/eyeonwater_upload/24202.png,1.0,0,0,13.0,,,13,58.6130332921277,43.7111063062435,,,,,0.0,,0.0,96.5025787943153,8.0,0.0,100.0,0.0,0.0,0.0,6.0,0.0,0.0,0.0,0.46,58.6130332921277,13.0,43.7111063062435,16.0,1155.0,schloss4,30.0,4.0,1.0,2023-05,5,2023-05-08,2023-05,C:\Users\janfa\reutlingen-university.de\ParKli - General\AP2_Ko_Produktion\AP2.3_Erzeugen_von_Trainingsdatensätzen\EyeOnWater\Dash_Python\urlTest\src\pages\..\assets\Bilder\24202.png,121632.0,3678.0,True,13.0
,48.7732159,9.1660441,motorola edge 20,Android,0,2023-05-08 08:13:46,http://eyeonwater.org/media/eyeonwater_upload/24198.png,7.0,0,0,15.0,,,16,,50.6165043628469,,,,,0.0,,0.0,27.5274521172782,19.0,0.0,100.0,0.0,0.0,0.0,7.0,0.0,0.0,0.0,1.22,,0.0,50.6165043628469,15.0,1015.0,Schloss1,10.0,5.0,1.0,2023-05,5,2023-05-08,2023-05,C:\Users\janfa\reutlingen-university.de\ParKli - General\AP2_Ko_Produktion\AP2.3_Erzeugen_von_Trainingsdatensätzen\EyeOnWater\Dash_Python\urlTest\src\pages\..\assets\Bilder\24198.png,74018.0,907.0,False,
,48.7732114,9.1658795,motorola edge 20,Android,0,2023-05-08 08:06:33,http://eyeonwater.org/media/eyeonwater_upload/24196.png,2.0,1,0,17.0,,,17,,38.4800071615144,,,,,0.0,,0.0,11.3180456438579,21.0,0.0,100.0,0.0,0.0,0.0,0.0,0.0,0.0,0.0,0.0,,0.0,38.4800071615144,17.0,1016.0,Schloss2,30.0,6.0,1.0,2023-05,5,2023-05-08,2023-05,C:\Users\janfa\reutlingen-university.de\ParKli - General\AP2_Ko_Produktion\AP2.3_Erzeugen_von_Trainingsdatensätzen\EyeOnWater\Dash_Python\urlTest\src\pages\..\assets\Bilder\24196.png,91098.0,722.0,False,
,48.7730971259531,9.16537073704852,"iPhone13,3",iOS,0,2023-03-15 08:56:41,http://eyeonwater.org/media/eyeonwater_upload/23815.png,0.0,0,0,15.0,,,16,50.1865395621437,51.5871771626908,,,,,0.0,46.3529763191692,15.0,48.1093206074593,15.0,0.0,50.0,0.0,0.0,0.0,6.0,0.0,0.0,0.0,0.63,50.1865395621437,15.0,51.5871771626908,14.0,695.0,Netti,280.0,72.0,3.0,2023-03,3,2023-03-15,2023-03,C:\Users\janfa\reutlingen-university.de\ParKli - General\AP2_Ko_Produktion\AP2.3_Erzeugen_von_Trainingsdatensätzen\EyeOnWater\Dash_Python\urlTest\src\pages\..\assets\Bilder\23815.png,20355.0,722.0,True,15.0
,48.7730247055026,9.1652761719834,"iPhone13,3",iOS,0,2023-03-15 08:55:53,http://eyeonwater.org/media/eyeonwater_upload/23816.png,8.0,0,0,14.0,,,15,53.4932878413529,57.5002736547368,,,,,0.0,53.0253719629869,14.0,52.023160731666,14.0,0.0,50.0,0.0,0.0,0.0,6.0,0.0,0.0,0.0,0.63,53.4932878413529,14.0,57.5002736547368,13.0,695.0,Netti,280.0,72.0,3.0,2023-03,3,2023-03-15,2023-03,C:\Users\janfa\reutlingen-university.de\ParKli - General\AP2_Ko_Produktion\AP2.3_Erzeugen_von_Trainingsdatensätzen\EyeOnWater\Dash_Python\urlTest\src\pages\..\assets\Bilder\23816.png,159120.0,11417.0,True,14.0
,48.7729563721692,9.16509016405616,"iPhone13,3",iOS,0,2023-03-15 08:55:22,http://eyeonwater.org/media/eyeonwater_upload/23802.png,1.0,0,0,14.0,,,15,56.2013582419928,56.5663348466655,,,,,0.0,46.6963454719533,15.0,44.5334017961124,16.0,0.0,50.0,0.0,0.0,0.0,6.0,0.0,0.0,0.0,0.63,56.2013582419928,14.0,56.5663348466655,13.0,695.0,Netti,280.0,72.0,3.0,2023-03,3,2023-03-15,2023-03,C:\Users\janfa\reutlingen-university.de\ParKli - General\AP2_Ko_Produktion\AP2.3_Erzeugen_von_Trainingsdatensätzen\EyeOnWater\Dash_Python\urlTest\src\pages\..\assets\Bilder\23802.png,9858.0,639.0,True,15.0
,48.7724588,9.1649785,motorola edge 20,Android,1,2022-12-02 10:34:57,http://eyeonwater.org/media/eyeonwater_upload/22448.png,-3.0,1,0,17.0,,,16,,35.4072568412482,,,,,0.0,,0.0,5.56372272001258,21.0,0.0,100.0,0.0,0.0,0.0,6.0,0.0,0.0,0.0,0.54,,0.0,35.4072568412482,17.0,1016.0,Schloss2,30.0,6.0,1.0,2022-12,12,2022-12-02,2022-12,C:\Users\janfa\reutlingen-university.de\ParKli - General\AP2_Ko_Produktion\AP2.3_Erzeugen_von_Trainingsdatensätzen\EyeOnWater\Dash_Python\urlTest\src\pages\..\assets\Bilder\22448.png,65330.0,264.0,False,
,48.7728986016847,9.1654913224432,"iPhone13,3",iOS,0,2022-09-02 02:56:01,http://eyeonwater.org/media/eyeonwater_upload/21475.png,-2.0,0,0,13.0,,,14,61.3606342897018,62.2987169581328,,,,,0.0,59.2002852850356,13.0,60.2203773877234,13.0,0.0,0.0,0.0,0.0,0.0,0.0,0.0,0.0,0.0,0.0,61.3606342897018,13.0,62.2987169581328,12.0,695.0,Netti,280.0,72.0,3.0,2022-09,9,2022-09-02,2022-09,C:\Users\janfa\reutlingen-university.de\ParKli - General\AP2_Ko_Produktion\AP2.3_Erzeugen_von_Trainingsdatensätzen\EyeOnWater\Dash_Python\urlTest\src\pages\..\assets\Bilder\21475.png,159120.0,9974.0,True,13.0
,48.7728297608865,9.16540425066543,"iPhone13,3",iOS,0,2022-08-02 06:47:24,http://eyeonwater.org/media/eyeonwater_upload/21250.png,2.0,0,0,13.0,,,14,58.1810167558334,61.8064569106388,,,,,0.0,55.5093158405753,14.0,59.1866932389841,13.0,0.0,0.0,0.0,0.0,0.0,0.0,0.0,0.0,24.0,0.0,58.1810167558334,13.0,61.8064569106388,13.0,695.0,Netti,280.0,72.0,3.0,2022-08,8,2022-08-02,2022-08,C:\Users\janfa\reutlingen-university.de\ParKli - General\AP2_Ko_Produktion\AP2.3_Erzeugen_von_Trainingsdatensätzen\EyeOnWater\Dash_Python\urlTest\src\pages\..\assets\Bilder\21250.png,159744.0,11993.0,True,14.0
,48.7729809050359,9.16548967839767,"iPhone13,3",iOS,0,2022-07-26 11:51:44,http://eyeonwater.org/media/eyeonwater_upload/21212.png,-4.0,0,0,14.0,,,15,56.1027836886965,57.3758158080139,,,,,0.0,53.7855192779605,14.0,54.8397774284617,14.0,0.0,0.0,0.0,0.0,0.0,0.0,0.0,0.0,25.0,0.0,56.1027836886965,14.0,57.3758158080139,13.0,695.0,Netti,280.0,72.0,3.0,2022-07,7,2022-07-26,2022-07,C:\Users\janfa\reutlingen-university.de\ParKli - General\AP2_Ko_Produktion\AP2.3_Erzeugen_von_Trainingsdatensätzen\EyeOnWater\Dash_Python\urlTest\src\pages\..\assets\Bilder\21212.png,159744.0,24982.0,True,14.0
,48.7898087841812,9.19137188410616,"iPhone12,1",iOS,1,2022-06-25 10:08:50,http://eyeonwater.org/media/eyeonwater_upload/20673.png,0.0,0,0,15.0,,,16,45.5624755434705,46.6270372083598,,,,,0.0,42.7969132658971,16.0,43.677460205054,16.0,0.0,25.0,0.0,0.0,0.0,0.0,0.0,0.0,0.0,0.0,45.5624755434705,15.0,46.6270372083598,15.0,,,,,,2022-06,6,2022-06-25,2022-06,C:\Users\janfa\reutlingen-university.de\ParKli - General\AP2_Ko_Produktion\AP2.3_Erzeugen_von_Trainingsdatensätzen\EyeOnWater\Dash_Python\urlTest\src\pages\..\assets\Bilder\20673.png,150600.0,49224.0,True,16.0
,48.773346,9.1659523,SM-A528B,Android,0,2022-06-25 08:54:24,http://eyeonwater.org/media/eyeonwater_upload/20672.png,2.0,0,0,14.0,,,15,51.3637768290979,53.0154903259954,,,,,0.0,46.1288591149517,15.0,48.68884025021,15.0,0.0,75.0,0.0,0.0,0.0,0.0,0.0,0.0,0.0,19.0,51.3637768290979,14.0,53.0154903259954,14.0,,,,,,2022-06,6,2022-06-25,2022-06,C:\Users\janfa\reutlingen-university.de\ParKli - General\AP2_Ko_Produktion\AP2.3_Erzeugen_von_Trainingsdatensätzen\EyeOnWater\Dash_Python\urlTest\src\pages\..\assets\Bilder\20672.png,34888.0,5211.0,True,14.0
,48.7729956,9.1658289,SM-G991B,Android,0,2022-06-25 08:53:52,http://eyeonwater.org/media/eyeonwater_upload/20671.png,-1.0,0,0,12.0,,,11,63.5705870068709,63.6422253854487,,,,,0.0,61.5284983379879,13.0,61.598995002643,13.0,0.0,25.0,0.0,0.0,0.0,0.0,0.0,0.0,0.0,0.19,63.5705870068709,12.0,63.6422253854487,12.0,794.0,fauserja,100.0,25.0,2.0,2022-06,6,2022-06-25,2022-06,C:\Users\janfa\reutlingen-university.de\ParKli - General\AP2_Ko_Produktion\AP2.3_Erzeugen_von_Trainingsdatensätzen\EyeOnWater\Dash_Python\urlTest\src\pages\..\assets\Bilder\20671.png,52866.0,3504.0,True,13.0
,48.77675628,9.17144584,"iPhone8,4",iOS,0,2022-06-25 08:49:11,http://eyeonwater.org/media/eyeonwater_upload/20669.png,5.0,0,0,13.0,,,13,57.9831307184456,59.9667329102098,,,,,0.0,55.2101172327569,14.0,57.5823963858785,13.0,0.0,50.0,0.0,0.0,0.0,0.0,0.0,0.0,0.0,0.0,57.9831307184456,13.0,59.9667329102098,13.0,,,,,,2022-06,6,2022-06-25,2022-06,C:\Users\janfa\reutlingen-university.de\ParKli - General\AP2_Ko_Produktion\AP2.3_Erzeugen_von_Trainingsdatensätzen\EyeOnWater\Dash_Python\urlTest\src\pages\..\assets\Bilder\20669.png,86528.0,5781.0,True,14.0
,48.772993075711,9.16567880070165,"iPhone11,8",iOS,0,2022-06-25 08:48:38,http://eyeonwater.org/media/eyeonwater_upload/20668.png,0.0,0,0,13.0,,,14,59.0069343881479,60.402185761143,,,,,0.0,56.6393739619075,13.0,58.015872108367,13.0,0.0,25.0,0.0,0.0,0.0,0.0,0.0,0.0,0.0,0.0,59.0069343881479,13.0,60.402185761143,13.0,,,,,,2022-06,6,2022-06-25,2022-06,C:\Users\janfa\reutlingen-university.de\ParKli - General\AP2_Ko_Produktion\AP2.3_Erzeugen_von_Trainingsdatensätzen\EyeOnWater\Dash_Python\urlTest\src\pages\..\assets\Bilder\20668.png,147300.0,6403.0,True,13.0
,48.772759912581,9.16547273286541,"iPhone13,3",iOS,0,2022-06-15 08:36:06,http://eyeonwater.org/media/eyeonwater_upload/20567.png,-1.0,0,0,14.0,,,15,53.3049810308969,54.5619583377679,,,,,0.0,50.9270393827721,14.0,52.0603008403146,14.0,0.0,0.0,0.0,0.0,0.0,0.0,0.0,0.0,22.0,0.0,53.3049810308969,14.0,54.5619583377679,14.0,695.0,Netti,280.0,72.0,3.0,2022-06,6,2022-06-15,2022-06,C:\Users\janfa\reutlingen-university.de\ParKli - General\AP2_Ko_Produktion\AP2.3_Erzeugen_von_Trainingsdatensätzen\EyeOnWater\Dash_Python\urlTest\src\pages\..\assets\Bilder\20567.png,159120.0,12543.0,True,14.0
,48.7281083,9.1018704,SM-G980F,Android,0,2022-05-15 01:52:19,http://eyeonwater.org/media/eyeonwater_upload/20353.png,4.0,0,0,14.0,,,15,53.5828504885679,51.7486539896268,,,,,0.0,,0.0,45.5955574888192,15.0,0.0,0.0,0.0,0.0,0.0,0.0,0.0,0.0,26.0,0.5,53.5828504885679,14.0,51.7486539896268,14.0,784.0,SarahVP,40.0,5.0,1.0,2022-05,5,2022-05-15,2022-05,C:\Users\janfa\reutlingen-university.de\ParKli - General\AP2_Ko_Produktion\AP2.3_Erzeugen_von_Trainingsdatensätzen\EyeOnWater\Dash_Python\urlTest\src\pages\..\assets\Bilder\20353.png,122610.0,38206.0,False,
,48.7732817,9.1659463,Pixel 3a,Android,1,2022-04-30 08:38:24,http://eyeonwater.org/media/eyeonwater_upload/20276.png,1.0,1,0,17.0,,,16,,35.989875273898,,,,,0.0,,0.0,6.34145127605105,21.0,0.0,100.0,0.0,0.0,0.0,0.0,0.0,0.0,12.0,0.275,,0.0,35.989875273898,17.0,254.0,reiner,200.0,28.0,2.0,2022-04,4,2022-04-30,2022-04,C:\Users\janfa\reutlingen-university.de\ParKli - General\AP2_Ko_Produktion\AP2.3_Erzeugen_von_Trainingsdatensätzen\EyeOnWater\Dash_Python\urlTest\src\pages\..\assets\Bilder\20276.png,74088.0,541.0,False,
,48.7730212641042,9.16518068540683,"iPhone13,3",iOS,0,2022-04-30 08:38:20,http://eyeonwater.org/media/eyeonwater_upload/20275.png,2.0,1,0,14.0,,,15,53.9470033044658,54.4476779538011,,,,,0.0,,0.0,32.925934393204,18.0,0.0,100.0,0.0,0.0,0.0,0.0,0.0,0.0,12.0,0.275,53.9470033044658,14.0,54.4476779538011,14.0,695.0,Netti,280.0,72.0,3.0,2022-04,4,2022-04-30,2022-04,C:\Users\janfa\reutlingen-university.de\ParKli - General\AP2_Ko_Produktion\AP2.3_Erzeugen_von_Trainingsdatensätzen\EyeOnWater\Dash_Python\urlTest\src\pages\..\assets\Bilder\20275.png,163488.0,1897.0,True,14.0
,48.7732393,9.1659611,SM-G920F,Android,0,2022-04-30 08:33:05,http://eyeonwater.org/media/eyeonwater_upload/20273.png,1.0,1,0,16.0,,,17,42.6961255524059,44.0485108981791,,,,,0.0,,0.0,24.6743183862183,20.0,0.0,100.0,0.0,0.0,0.0,0.0,0.0,0.0,0.0,0.0,42.6961255524059,16.0,44.0485108981791,16.0,,,,,,2022-04,4,2022-04-30,2022-04,C:\Users\janfa\reutlingen-university.de\ParKli - General\AP2_Ko_Produktion\AP2.3_Erzeugen_von_Trainingsdatensätzen\EyeOnWater\Dash_Python\urlTest\src\pages\..\assets\Bilder\20273.png,114624.0,2135.0,True,16.0
,48.7735168,9.1655665,M2101K9G,Android,0,2022-04-30 08:30:54,http://eyeonwater.org/media/eyeonwater_upload/20267.png,-1.0,1,0,15.0,,,15,46.8579337576646,48.8714458674695,,,,,0.0,37.9309451798403,17.0,39.5695814527097,17.0,0.0,75.0,0.0,0.0,0.0,0.0,0.0,0.0,0.0,0.0,46.8579337576646,15.0,48.8714458674695,15.0,785.0,BBneo,30.0,5.0,1.0,2022-04,4,2022-04-30,2022-04,C:\Users\janfa\reutlingen-university.de\ParKli - General\AP2_Ko_Produktion\AP2.3_Erzeugen_von_Trainingsdatensätzen\EyeOnWater\Dash_Python\urlTest\src\pages\..\assets\Bilder\20267.png,86450.0,459.0,True,15.0
,48.7733535,9.1657699,SM-J510FN,Android,0,2022-04-23 05:18:24,http://eyeonwater.org/media/eyeonwater_upload/20223.png,5.0,0,0,16.0,,,15,,41.5553878476508,,,,,0.0,,0.0,24.7929591573495,20.0,0.0,75.0,0.0,0.0,0.0,0.0,0.0,0.0,0.0,0.0,,0.0,41.5553878476508,16.0,737.0,ehau,100.0,13.0,2.0,2022-04,4,2022-04-23,2022-04,C:\Users\janfa\reutlingen-university.de\ParKli - General\AP2_Ko_Produktion\AP2.3_Erzeugen_von_Trainingsdatensätzen\EyeOnWater\Dash_Python\urlTest\src\pages\..\assets\Bilder\20223.png,114624.0,2510.0,False,
,48.8044324,9.2054617,SM-J510FN,Android,1,2022-02-28 02:40:11,http://eyeonwater.org/media/eyeonwater_upload/19965.png,6.0,0,0,15.0,,,15,,47.1310234439593,,,,,0.0,,0.0,38.123501174356,17.0,0.0,75.0,0.0,0.0,0.0,0.0,0.0,0.0,7.0,50.0,,0.0,47.1310234439593,15.0,737.0,ehau,100.0,13.0,2.0,2022-02,2,2022-02-28,2022-02,C:\Users\janfa\reutlingen-university.de\ParKli - General\AP2_Ko_Produktion\AP2.3_Erzeugen_von_Trainingsdatensätzen\EyeOnWater\Dash_Python\urlTest\src\pages\..\assets\Bilder\19965.png,114624.0,61889.0,False,
,48.7727972724014,9.16493903103673,"iPhone8,4",iOS,1,2022-01-25 03:34:56,http://eyeonwater.org/media/eyeonwater_upload/19645.png,3.0,0,0,18.0,,,18,,31.8049552458526,,,,,0.0,,0.0,20.2684608307151,21.0,0.0,25.0,0.0,0.0,0.0,0.0,0.0,0.0,0.0,0.0,,0.0,31.8049552458526,18.0,,,,,,2022-01,1,2022-01-25,2022-01,C:\Users\janfa\reutlingen-university.de\ParKli - General\AP2_Ko_Produktion\AP2.3_Erzeugen_von_Trainingsdatensätzen\EyeOnWater\Dash_Python\urlTest\src\pages\..\assets\Bilder\19645.png,90368.0,9067.0,False,
,48.7728148,9.1639492,SM-J510FN,Android,0,2022-01-14 04:03:03,http://eyeonwater.org/media/eyeonwater_upload/19521.png,3.0,0,0,16.0,,,15,42.6391459858792,43.1742846273076,,,,,0.0,,0.0,28.5475475640184,19.0,0.0,25.0,0.0,0.0,0.0,0.0,0.0,0.0,2.0,10.0,42.6391459858792,16.0,43.1742846273076,16.0,737.0,ehau,100.0,13.0,2.0,2022-01,1,2022-01-14,2022-01,C:\Users\janfa\reutlingen-university.de\ParKli - General\AP2_Ko_Produktion\AP2.3_Erzeugen_von_Trainingsdatensätzen\EyeOnWater\Dash_Python\urlTest\src\pages\..\assets\Bilder\19521.png,65912.0,1842.0,False,
,48.8258178,9.2160419,SM-G950F,Android,0,2022-01-13 07:59:46,http://eyeonwater.org/media/eyeonwater_upload/19505.png,8.0,0,0,15.0,,,16,,47.1515273537767,,,,,0.0,,0.0,48.6541268169114,15.0,0.0,100.0,0.0,0.0,0.0,0.0,0.0,0.0,0.0,0.0,,0.0,47.1515273537767,15.0,714.0,lindy,120.0,90.0,2.0,2022-01,1,2022-01-13,2022-01,C:\Users\janfa\reutlingen-university.de\ParKli - General\AP2_Ko_Produktion\AP2.3_Erzeugen_von_Trainingsdatensätzen\EyeOnWater\Dash_Python\urlTest\src\pages\..\assets\Bilder\19505.png,126720.0,43211.0,False,
,48.7729594760638,9.16573019780322,"iPhone13,3",iOS,0,2022-01-05 09:12:37,http://eyeonwater.org/media/eyeonwater_upload/19436.png,4.0,0,0,16.0,,,16,,40.4706866505257,,,,,0.0,,0.0,167.663731636142,5.0,0.0,50.0,0.0,0.0,0.0,0.0,0.0,0.0,8.0,0.0,,0.0,40.4706866505257,16.0,695.0,Netti,280.0,72.0,3.0,2022-01,1,2022-01-05,2022-01,C:\Users\janfa\reutlingen-university.de\ParKli - General\AP2_Ko_Produktion\AP2.3_Erzeugen_von_Trainingsdatensätzen\EyeOnWater\Dash_Python\urlTest\src\pages\..\assets\Bilder\19436.png,163488.0,9438.0,False,
,48.8358774,9.2179148,SM-J510FN,Android,1,2021-12-28 02:23:17,http://eyeonwater.org/media/eyeonwater_upload/19427.png,4.0,0,0,17.0,,,18,35.400409039505,37.4886694823555,,,,,0.0,32.6107631069259,18.0,35.1715363081865,17.0,0.0,100.0,0.0,0.0,0.0,0.0,0.0,0.0,9.0,20.0,35.400409039505,17.0,37.4886694823555,17.0,737.0,ehau,100.0,13.0,2.0,2021-12,12,2021-12-28,2021-12,C:\Users\janfa\reutlingen-university.de\ParKli - General\AP2_Ko_Produktion\AP2.3_Erzeugen_von_Trainingsdatensätzen\EyeOnWater\Dash_Python\urlTest\src\pages\..\assets\Bilder\19427.png,47718.0,9757.0,True,17.0
,48.7726921,9.1638621,SM-J510FN,Android,0,2021-12-17 10:25:36,http://eyeonwater.org/media/eyeonwater_upload/19403.png,7.0,0,0,19.0,,,18,26.6239907956291,22.2850055808696,,,,,0.0,,0.0,10.9470377109998,21.0,0.0,0.0,0.0,0.0,0.0,0.0,0.0,0.0,0.0,0.0,26.6239907956291,19.0,22.2850055808696,21.0,,,,,,2021-12,12,2021-12-17,2021-12,C:\Users\janfa\reutlingen-university.de\ParKli - General\AP2_Ko_Produktion\AP2.3_Erzeugen_von_Trainingsdatensätzen\EyeOnWater\Dash_Python\urlTest\src\pages\..\assets\Bilder\19403.png,114624.0,2336.0,False,
,48.7726703092829,9.16503260160512,"iPhone13,3",iOS,0,2021-12-12 12:16:51,http://eyeonwater.org/media/eyeonwater_upload/19372.png,4.0,0,0,17.0,,,16,,37.740379258059,,,,,0.0,,0.0,16.0999417394834,21.0,0.0,75.0,0.0,0.0,0.0,0.0,0.0,0.0,5.0,0.0,,0.0,37.740379258059,17.0,695.0,Netti,280.0,72.0,3.0,2021-12,12,2021-12-12,2021-12,C:\Users\janfa\reutlingen-university.de\ParKli - General\AP2_Ko_Produktion\AP2.3_Erzeugen_von_Trainingsdatensätzen\EyeOnWater\Dash_Python\urlTest\src\pages\..\assets\Bilder\19372.png,163488.0,11742.0,False,
,48.4768471,9.1849676,SM-A405FN,Android,0,2024-06-05 01:43:31,http://eyeonwater.org/media/eyeonwater_upload/26573.png,1.0,0,0,17.0,,,17,37.8144167246439,41.5838937700653,,,,,0.0,33.0592109912605,18.0,35.6425439760507,17.0,0.0,25.0,0.0,0.0,0.0,0.0,0.0,0.0,0.0,0.0,37.8144167246439,17.0,41.5838937700653,16.0,,,,,,2024-06,6,2024-06-05,2024-06,C:\Users\janfa\reutlingen-university.de\ParKli - General\AP2_Ko_Produktion\AP2.3_Erzeugen_von_Trainingsdatensätzen\EyeOnWater\Dash_Python\urlTest\src\pages\..\assets\Bilder\26573.png,144576.0,44717.0,True,18.0
,48.4769595333155,9.18508614467897,"iPhone13,2",ios,0,2024-06-05 01:42:50,http://eyeonwater.org/media/eyeonwater_upload/26572.png,-199.0,0,0,15.0,,,16,49.7299243299041,50.3326958333518,,,,,0.0,46.2102660575904,15.0,46.8931927976056,15.0,0.0,25.0,0.0,0.0,0.0,0.0,0.0,0.0,22.0,37.0,49.7299243299041,15.0,50.3326958333518,15.0,,,,,,2024-06,6,2024-06-05,2024-06,C:\Users\janfa\reutlingen-university.de\ParKli - General\AP2_Ko_Produktion\AP2.3_Erzeugen_von_Trainingsdatensätzen\EyeOnWater\Dash_Python\urlTest\src\pages\..\assets\Bilder\26572.png,566208.0,8129.0,True,15.0
,48.4768924436743,9.1850049067844,"iPhone13,2",ios,0,2024-06-05 01:41:50,http://eyeonwater.org/media/eyeonwater_upload/26571.png,-199.0,0,0,15.0,,,16,48.3684806131225,50.3452231606645,,,,,0.0,44.8513372602352,16.0,46.8917778534977,15.0,0.0,25.0,0.0,0.0,0.0,0.0,0.0,0.0,22.0,0.0,48.3684806131225,15.0,50.3452231606645,15.0,,,,,,2024-06,6,2024-06-05,2024-06,C:\Users\janfa\reutlingen-university.de\ParKli - General\AP2_Ko_Produktion\AP2.3_Erzeugen_von_Trainingsdatensätzen\EyeOnWater\Dash_Python\urlTest\src\pages\..\assets\Bilder\26571.png,566208.0,4503.0,True,16.0
,48.4768030675974,9.18485440517254,"iPhone12,1",iOS,0,2024-04-30 08:23:54,http://eyeonwater.org/media/eyeonwater_upload/26009.png,0.0,0,0,15.0,,,16,49.9775391023049,52.307591387837,,,,,0.0,48.8074403042649,15.0,49.8962676823836,15.0,0.0,25.0,0.0,0.0,0.0,0.0,0.0,0.0,0.0,0.0,49.9775391023049,15.0,52.307591387837,14.0,,,,,,2024-04,4,2024-04-30,2024-04,C:\Users\janfa\reutlingen-university.de\ParKli - General\AP2_Ko_Produktion\AP2.3_Erzeugen_von_Trainingsdatensätzen\EyeOnWater\Dash_Python\urlTest\src\pages\..\assets\Bilder\26009.png,189663.0,42914.0,True,15.0
,48.4770797255797,9.18130730931572,"iPhone12,1",iOS,0,2024-04-30 08:22:19,http://eyeonwater.org/media/eyeonwater_upload/26007.png,0.0,0,0,15.0,,,16,50.2897749741751,52.2385658076912,,,,,0.0,48.1438864641819,15.0,49.8255293469264,15.0,0.0,25.0,0.0,0.0,0.0,0.0,0.0,0.0,0.0,0.0,50.2897749741751,15.0,52.2385658076912,14.0,,,,,,2024-04,4,2024-04-30,2024-04,C:\Users\janfa\reutlingen-university.de\ParKli - General\AP2_Ko_Produktion\AP2.3_Erzeugen_von_Trainingsdatensätzen\EyeOnWater\Dash_Python\urlTest\src\pages\..\assets\Bilder\26007.png,189332.0,33732.0,True,15.0
,48.4770836,9.1850583,HRY-LX1,Android,0,2024-04-23 08:06:35,http://eyeonwater.org/media/eyeonwater_upload/25962.png,0.0,0,0,14.0,,,15,,52.7463955078066,,,,,0.0,,0.0,48.1076855779743,15.0,0.0,75.0,0.0,0.0,0.0,0.0,0.0,0.0,10.0,0.0,,0.0,52.7463955078066,14.0,,,,,,2024-04,4,2024-04-23,2024-04,C:\Users\janfa\reutlingen-university.de\ParKli - General\AP2_Ko_Produktion\AP2.3_Erzeugen_von_Trainingsdatensätzen\EyeOnWater\Dash_Python\urlTest\src\pages\..\assets\Bilder\25962.png,48462.0,10368.0,False,
,48.4748361028648,9.18657559750078,"iPhone15,2",iOS,0,2024-01-31 09:22:07,http://eyeonwater.org/media/eyeonwater_upload/25489.png,-6.0,0,0,15.0,,,16,48.5695087873399,50.1552768494495,,,,,0.0,44.0282160463279,16.0,45.0488367111765,16.0,0.0,75.0,0.0,0.0,0.0,0.0,0.0,0.0,0.0,0.0,48.5695087873399,15.0,50.1552768494495,15.0,,,,,,2024-01,1,2024-01-31,2024-01,C:\Users\janfa\reutlingen-university.de\ParKli - General\AP2_Ko_Produktion\AP2.3_Erzeugen_von_Trainingsdatensätzen\EyeOnWater\Dash_Python\urlTest\src\pages\..\assets\Bilder\25489.png,172386.0,25322.0,True,15.0
,48.4768812294295,9.1848159916858,"iPhone12,1",iOS,0,2023-11-09 12:21:21,http://eyeonwater.org/media/eyeonwater_upload/25139.png,0.0,0,0,16.0,,,17,42.3962565806069,43.1716829371227,,,,,0.0,39.6802640912291,17.0,40.7477434353903,16.0,0.0,100.0,0.0,0.0,0.0,0.0,0.0,0.0,9.0,78.0,42.3962565806069,16.0,43.1716829371227,16.0,,,,,,2023-11,11,2023-11-09,2023-11,C:\Users\janfa\reutlingen-university.de\ParKli - General\AP2_Ko_Produktion\AP2.3_Erzeugen_von_Trainingsdatensätzen\EyeOnWater\Dash_Python\urlTest\src\pages\..\assets\Bilder\25139.png,87533.0,9845.0,True,16.0
,48.4766002,9.1820147,SM-G991B,Android,0,2023-11-09 12:01:15,http://eyeonwater.org/media/eyeonwater_upload/25138.png,19.0,0,0,16.0,,,15,,43.0637836557599,,,,,0.0,,0.0,36.5199141110511,17.0,0.0,100.0,0.0,0.0,0.0,0.0,0.0,0.0,9.0,78.0,,0.0,43.0637836557599,16.0,,,,,,2023-11,11,2023-11-09,2023-11,C:\Users\janfa\reutlingen-university.de\ParKli - General\AP2_Ko_Produktion\AP2.3_Erzeugen_von_Trainingsdatensätzen\EyeOnWater\Dash_Python\urlTest\src\pages\..\assets\Bilder\25138.png,59311.0,12446.0,False,
,48.4716737,9.1649003,SM-G998B,Android,0,2023-11-07 09:20:14,http://eyeonwater.org/media/eyeonwater_upload/25127.png,-1.0,0,0,16.0,,,17,43.4949188205199,43.8089186084963,,,,,0.0,40.4083644907595,16.0,40.9108234366891,16.0,0.0,50.0,0.0,0.0,0.0,0.0,0.0,0.0,9.8,76.0,43.4949188205199,16.0,43.8089186084963,16.0,1306.0,Bahadir,10.0,2.0,1.0,2023-11,11,2023-11-07,2023-11,C:\Users\janfa\reutlingen-university.de\ParKli - General\AP2_Ko_Produktion\AP2.3_Erzeugen_von_Trainingsdatensätzen\EyeOnWater\Dash_Python\urlTest\src\pages\..\assets\Bilder\25127.png,189504.0,19781.0,True,16.0
,48.4746423,9.1750127,MRD-LX1,Android,0,2023-06-22 07:53:40,http://eyeonwater.org/media/eyeonwater_upload/24382.png,1.0,0,0,15.0,,,16,45.3522967770284,49.0073709266372,,,,,0.0,42.7102519133708,16.0,46.425153247778,15.0,0.0,50.0,0.0,0.0,0.0,0.0,0.0,0.0,24.4,70.0,45.3522967770284,15.0,49.0073709266372,15.0,,,,,,2023-06,6,2023-06-22,2023-06,C:\Users\janfa\reutlingen-university.de\ParKli - General\AP2_Ko_Produktion\AP2.3_Erzeugen_von_Trainingsdatensätzen\EyeOnWater\Dash_Python\urlTest\src\pages\..\assets\Bilder\24382.png,25228.0,1868.0,True,16.0
,48.4769255473227,9.18498463516802,"iPhone12,8",iOS,0,2023-06-15 08:16:48,http://eyeonwater.org/media/eyeonwater_upload/24370.png,4.0,0,0,16.0,,,17,44.6570376884248,47.2728361328693,,,,,0.0,42.280973467457,16.0,44.839036297302,16.0,0.0,0.0,0.0,0.0,0.0,0.0,0.0,0.0,22.0,0.66,44.6570376884248,16.0,47.2728361328693,15.0,1153.0,LC57,10.0,1.0,1.0,2023-06,6,2023-06-15,2023-06,C:\Users\janfa\reutlingen-university.de\ParKli - General\AP2_Ko_Produktion\AP2.3_Erzeugen_von_Trainingsdatensätzen\EyeOnWater\Dash_Python\urlTest\src\pages\..\assets\Bilder\24370.png,97328.0,23907.0,True,16.0
,48.4766499559103,9.18023843365014,"iPhone14,2",iOS,0,2023-05-16 07:41:43,http://eyeonwater.org/media/eyeonwater_upload/24242.png,13.0,0,0,16.0,,,17,41.2572967689068,39.9129737404094,,,,,0.0,35.1364167163982,17.0,30.7394809490824,18.0,0.0,100.0,0.0,0.0,0.0,0.0,0.0,0.0,14.0,0.62,41.2572967689068,16.0,39.9129737404094,16.0,1158.0,Koco,10.0,2.0,1.0,2023-05,5,2023-05-16,2023-05,C:\Users\janfa\reutlingen-university.de\ParKli - General\AP2_Ko_Produktion\AP2.3_Erzeugen_von_Trainingsdatensätzen\EyeOnWater\Dash_Python\urlTest\src\pages\..\assets\Bilder\24242.png,163488.0,6258.0,True,16.0
,48.4771126695429,9.18570170179865,"iPhone14,2",iOS,0,2023-05-16 07:40:37,http://eyeonwater.org/media/eyeonwater_upload/24240.png,12.0,0,0,17.0,,,17,,35.9719119367277,,,,,0.0,,0.0,23.2475817014622,20.0,0.0,100.0,0.0,0.0,0.0,0.0,0.0,0.0,14.0,62.0,,0.0,35.9719119367277,17.0,1158.0,Koco,10.0,2.0,1.0,2023-05,5,2023-05-16,2023-05,C:\Users\janfa\reutlingen-university.de\ParKli - General\AP2_Ko_Produktion\AP2.3_Erzeugen_von_Trainingsdatensätzen\EyeOnWater\Dash_Python\urlTest\src\pages\..\assets\Bilder\24240.png,163488.0,6020.0,False,
,48.4769071,9.1821147,SM-G991B,Android,0,2023-05-13 10:22:28,http://eyeonwater.org/media/eyeonwater_upload/24232.png,4.0,0,0,15.0,,,14,,49.6563057272805,,,,,0.0,,0.0,155.00237244811,6.0,0.0,100.0,0.0,0.0,8.3,7.0,0.0,0.0,0.0,0.63,,0.0,49.6563057272805,15.0,794.0,fauserja,100.0,25.0,2.0,2023-05,5,2023-05-13,2023-05,C:\Users\janfa\reutlingen-university.de\ParKli - General\AP2_Ko_Produktion\AP2.3_Erzeugen_von_Trainingsdatensätzen\EyeOnWater\Dash_Python\urlTest\src\pages\..\assets\Bilder\24232.png,39732.0,19315.0,False,
,48.4749182,9.1755003,SM-A528B,Android,1,2023-05-04 08:35:11,http://eyeonwater.org/media/eyeonwater_upload/24189.png,0.0,0,0,16.0,,,17,43.0006569064949,92.5392073750034,,,,,0.0,39.7508735634995,16.0,93.164840570134,9.0,0.0,0.0,0.0,0.0,0.0,0.0,0.0,0.0,13.0,0.3,43.0006569064949,16.0,92.5392073750034,9.0,,,,,,2023-05,5,2023-05-04,2023-05,C:\Users\janfa\reutlingen-university.de\ParKli - General\AP2_Ko_Produktion\AP2.3_Erzeugen_von_Trainingsdatensätzen\EyeOnWater\Dash_Python\urlTest\src\pages\..\assets\Bilder\24189.png,161175.0,62815.0,True,16.0
,48.4749493,9.1751126,2201117TY,Android,1,2023-05-04 08:32:19,http://eyeonwater.org/media/eyeonwater_upload/24187.png,0.0,0,0,14.0,,,13,,51.2815627300543,,,,,0.0,,0.0,93.9627213466901,9.0,0.0,0.0,0.0,0.0,0.0,0.0,0.0,0.0,13.0,0.68,,0.0,51.2815627300543,14.0,,,,,,2023-05,5,2023-05-04,2023-05,C:\Users\janfa\reutlingen-university.de\ParKli - General\AP2_Ko_Produktion\AP2.3_Erzeugen_von_Trainingsdatensätzen\EyeOnWater\Dash_Python\urlTest\src\pages\..\assets\Bilder\24187.png,194360.0,122635.0,False,
,48.4746423,9.1750127,SM-G950F,Android,0,2022-02-24 08:46:32,http://eyeonwater.org/media/eyeonwater_upload/19940.png,17.0,0,0,15.0,,,15,,49.2315780684323,,,,,0.0,,0.0,44.0703005779245,16.0,0.0,0.0,0.0,0.0,0.0,0.0,0.0,0.0,0.0,0.0,,0.0,49.2315780684323,15.0,714.0,lindy,120.0,90.0,2.0,2022-02,2,2022-02-24,2022-02,C:\Users\janfa\reutlingen-university.de\ParKli - General\AP2_Ko_Produktion\AP2.3_Erzeugen_von_Trainingsdatensätzen\EyeOnWater\Dash_Python\urlTest\src\pages\..\assets\Bilder\19940.png,20049.0,12724.0,False,
,48.5200511,9.1902018,SM-G950F,Android,0,2022-02-24 08:43:49,http://eyeonwater.org/media/eyeonwater_upload/19944.png,19.0,0,0,14.0,,,14,54.5399594905319,55.5491627656885,,,,,0.0,,0.0,51.185931996936,14.0,0.0,0.0,0.0,0.0,0.0,0.0,0.0,0.0,0.0,0.0,54.5399594905319,14.0,55.5491627656885,14.0,714.0,lindy,120.0,90.0,2.0,2022-02,2,2022-02-24,2022-02,C:\Users\janfa\reutlingen-university.de\ParKli - General\AP2_Ko_Produktion\AP2.3_Erzeugen_von_Trainingsdatensätzen\EyeOnWater\Dash_Python\urlTest\src\pages\..\assets\Bilder\19944.png,4606.0,2349.0,False,
,48.4746423,9.1750127,SM-G950F,Android,0,2022-02-24 08:42:05,http://eyeonwater.org/media/eyeonwater_upload/19942.png,17.0,0,0,13.0,,,14,,61.4305286257264,,,,,0.0,,0.0,53.7193579275129,14.0,0.0,0.0,0.0,0.0,0.0,0.0,0.0,0.0,0.0,0.0,,0.0,61.4305286257264,13.0,714.0,lindy,120.0,90.0,2.0,2022-02,2,2022-02-24,2022-02,C:\Users\janfa\reutlingen-university.de\ParKli - General\AP2_Ko_Produktion\AP2.3_Erzeugen_von_Trainingsdatensätzen\EyeOnWater\Dash_Python\urlTest\src\pages\..\assets\Bilder\19942.png,10148.0,2810.0,False,
,48.4746423,9.1750127,SM-G950F,Android,0,2022-02-24 08:41:39,http://eyeonwater.org/media/eyeonwater_upload/19932.png,19.0,0,0,14.0,,,14,55.3331011106843,65.0545771051629,,,,,0.0,,0.0,57.2906984234586,13.0,0.0,0.0,0.0,0.0,0.0,0.0,0.0,0.0,0.0,0.0,55.3331011106843,14.0,65.0545771051629,12.0,714.0,lindy,120.0,90.0,2.0,2022-02,2,2022-02-24,2022-02,C:\Users\janfa\reutlingen-university.de\ParKli - General\AP2_Ko_Produktion\AP2.3_Erzeugen_von_Trainingsdatensätzen\EyeOnWater\Dash_Python\urlTest\src\pages\..\assets\Bilder\19932.png,9801.0,2440.0,False,
,48.4746423,9.1750127,SM-G950F,Android,0,2022-02-24 08:41:13,http://eyeonwater.org/media/eyeonwater_upload/19945.png,19.0,0,0,15.0,,,14,,45.3340577958711,,,,,0.0,,0.0,165.463239657663,5.0,0.0,0.0,0.0,0.0,0.0,0.0,0.0,0.0,0.0,0.0,,0.0,45.3340577958711,15.0,714.0,lindy,120.0,90.0,2.0,2022-02,2,2022-02-24,2022-02,C:\Users\janfa\reutlingen-university.de\ParKli - General\AP2_Ko_Produktion\AP2.3_Erzeugen_von_Trainingsdatensätzen\EyeOnWater\Dash_Python\urlTest\src\pages\..\assets\Bilder\19945.png,21450.0,12088.0,False,
,48.4761147,9.1762875,SM-G950F,Android,0,2022-02-24 08:28:03,http://eyeonwater.org/media/eyeonwater_upload/19924.png,17.0,0,0,17.0,,,17,,35.7416925688583,,,,,0.0,,0.0,24.638081051455,20.0,0.0,0.0,0.0,0.0,0.0,0.0,0.0,0.0,0.0,0.0,,0.0,35.7416925688583,17.0,714.0,lindy,120.0,90.0,2.0,2022-02,2,2022-02-24,2022-02,C:\Users\janfa\reutlingen-university.de\ParKli - General\AP2_Ko_Produktion\AP2.3_Erzeugen_von_Trainingsdatensätzen\EyeOnWater\Dash_Python\urlTest\src\pages\..\assets\Bilder\19924.png,3162.0,1225.0,False,
,48.4746423,9.1750127,SM-G950F,Android,0,2022-02-24 08:26:22,http://eyeonwater.org/media/eyeonwater_upload/19923.png,15.0,0,0,16.0,,,17,41.719013889559,44.5435561693181,,,,,0.0,34.9838870887937,17.0,38.4564531117157,17.0,0.0,0.0,0.0,0.0,0.0,0.0,0.0,0.0,0.0,0.0,41.719013889559,16.0,44.5435561693181,16.0,714.0,lindy,120.0,90.0,2.0,2022-02,2,2022-02-24,2022-02,C:\Users\janfa\reutlingen-university.de\ParKli - General\AP2_Ko_Produktion\AP2.3_Erzeugen_von_Trainingsdatensätzen\EyeOnWater\Dash_Python\urlTest\src\pages\..\assets\Bilder\19923.png,9506.0,307.0,True,17.0
,48.4746423,9.1750127,SM-G950F,Android,0,2022-02-24 08:23:19,http://eyeonwater.org/media/eyeonwater_upload/19920.png,19.0,0,0,17.0,,,17,,37.1706068807799,,,,,0.0,,0.0,20.9083395293736,21.0,0.0,0.0,0.0,0.0,0.0,0.0,0.0,0.0,0.0,0.0,,0.0,37.1706068807799,17.0,714.0,lindy,120.0,90.0,2.0,2022-02,2,2022-02-24,2022-02,C:\Users\janfa\reutlingen-university.de\ParKli - General\AP2_Ko_Produktion\AP2.3_Erzeugen_von_Trainingsdatensätzen\EyeOnWater\Dash_Python\urlTest\src\pages\..\assets\Bilder\19920.png,1120.0,721.0,False,
,48.4746423,9.1750127,SM-G950F,Android,0,2022-02-24 08:22:46,http://eyeonwater.org/media/eyeonwater_upload/19919.png,18.0,0,0,16.0,,,17,43.7335834554378,42.7846410760203,,,,,0.0,,0.0,34.2314536570328,18.0,0.0,0.0,0.0,0.0,0.0,0.0,0.0,0.0,0.0,0.0,43.7335834554378,16.0,42.7846410760203,16.0,714.0,lindy,120.0,90.0,2.0,2022-02,2,2022-02-24,2022-02,C:\Users\janfa\reutlingen-university.de\ParKli - General\AP2_Ko_Produktion\AP2.3_Erzeugen_von_Trainingsdatensätzen\EyeOnWater\Dash_Python\urlTest\src\pages\..\assets\Bilder\19919.png,3634.0,2370.0,False,
,48.4746423,9.1750127,SM-G950F,Android,0,2022-02-24 08:19:32,http://eyeonwater.org/media/eyeonwater_upload/19918.png,18.0,0,0,18.0,,,18,32.0619955834188,28.3655458095419,,,,,0.0,27.716262609478,19.0,18.4601031698343,21.0,0.0,0.0,0.0,0.0,0.0,0.0,0.0,0.0,0.0,0.0,32.0619955834188,18.0,28.3655458095419,19.0,714.0,lindy,120.0,90.0,2.0,2022-02,2,2022-02-24,2022-02,C:\Users\janfa\reutlingen-university.de\ParKli - General\AP2_Ko_Produktion\AP2.3_Erzeugen_von_Trainingsdatensätzen\EyeOnWater\Dash_Python\urlTest\src\pages\..\assets\Bilder\19918.png,24178.0,5136.0,True,19.0
,48.4746423,9.1750127,SM-G950F,Android,0,2022-02-24 08:05:47,http://eyeonwater.org/media/eyeonwater_upload/19917.png,19.0,0,0,17.0,,,18,35.8365412407501,38.4678998927427,,,,,0.0,29.2363696743292,19.0,32.0646352347803,18.0,0.0,0.0,0.0,0.0,0.0,0.0,0.0,0.0,0.0,0.0,35.8365412407501,17.0,38.4678998927427,17.0,714.0,lindy,120.0,90.0,2.0,2022-02,2,2022-02-24,2022-02,C:\Users\janfa\reutlingen-university.de\ParKli - General\AP2_Ko_Produktion\AP2.3_Erzeugen_von_Trainingsdatensätzen\EyeOnWater\Dash_Python\urlTest\src\pages\..\assets\Bilder\19917.png,775.0,524.0,True,19.0
,48.4746423,9.1750127,SM-G950F,Android,0,2022-02-24 08:03:39,http://eyeonwater.org/media/eyeonwater_upload/19916.png,19.0,0,0,16.0,,,17,41.9880680844596,43.3806025443663,,,,,0.0,34.9822277420541,17.0,36.2552162858044,17.0,0.0,0.0,0.0,0.0,0.0,0.0,0.0,0.0,0.0,0.0,41.9880680844596,16.0,43.3806025443663,16.0,714.0,lindy,120.0,90.0,2.0,2022-02,2,2022-02-24,2022-02,C:\Users\janfa\reutlingen-university.de\ParKli - General\AP2_Ko_Produktion\AP2.3_Erzeugen_von_Trainingsdatensätzen\EyeOnWater\Dash_Python\urlTest\src\pages\..\assets\Bilder\19916.png,27972.0,3344.0,True,17.0
,48.4746423,9.1750127,SM-G950F,Android,0,2022-02-24 08:03:10,http://eyeonwater.org/media/eyeonwater_upload/19915.png,13.0,0,0,16.0,,,17,42.8627258573256,43.5288624175891,,,,,0.0,37.8958320311056,17.0,36.81678152009,17.0,0.0,0.0,0.0,0.0,0.0,0.0,0.0,0.0,0.0,0.0,42.8627258573256,16.0,43.5288624175891,16.0,714.0,lindy,120.0,90.0,2.0,2022-02,2,2022-02-24,2022-02,C:\Users\janfa\reutlingen-university.de\ParKli - General\AP2_Ko_Produktion\AP2.3_Erzeugen_von_Trainingsdatensätzen\EyeOnWater\Dash_Python\urlTest\src\pages\..\assets\Bilder\19915.png,35344.0,3922.0,True,17.0
,48.4746423,9.1750127,SM-G950F,Android,0,2022-02-24 08:02:35,http://eyeonwater.org/media/eyeonwater_upload/19914.png,9.0,0,0,16.0,,,17,41.5264101310009,39.1178278438168,,,,,0.0,,0.0,161.890424311956,6.0,0.0,0.0,0.0,0.0,0.0,0.0,0.0,0.0,0.0,0.0,41.5264101310009,16.0,39.1178278438168,17.0,714.0,lindy,120.0,90.0,2.0,2022-02,2,2022-02-24,2022-02,C:\Users\janfa\reutlingen-university.de\ParKli - General\AP2_Ko_Produktion\AP2.3_Erzeugen_von_Trainingsdatensätzen\EyeOnWater\Dash_Python\urlTest\src\pages\..\assets\Bilder\19914.png,25110.0,3364.0,False,
,48.4748282,9.187553,SM-G950F,Android,0,2022-02-24 07:59:34,http://eyeonwater.org/media/eyeonwater_upload/19911.png,17.0,0,0,16.0,,,15,,41.7061642736926,,,,,0.0,,0.0,166.688154551387,5.0,0.0,0.0,0.0,0.0,0.0,0.0,0.0,0.0,0.0,0.0,,0.0,41.7061642736926,16.0,714.0,lindy,120.0,90.0,2.0,2022-02,2,2022-02-24,2022-02,C:\Users\janfa\reutlingen-university.de\ParKli - General\AP2_Ko_Produktion\AP2.3_Erzeugen_von_Trainingsdatensätzen\EyeOnWater\Dash_Python\urlTest\src\pages\..\assets\Bilder\19911.png,13158.0,4099.0,False,
,48.4746423,9.1750127,SM-G950F,Android,0,2022-02-24 07:53:33,http://eyeonwater.org/media/eyeonwater_upload/19908.png,15.0,0,0,17.0,,,18,36.4445682724776,37.8424881067594,,,,,0.0,31.4503254719462,18.0,31.0237200383675,18.0,0.0,0.0,0.0,0.0,0.0,0.0,0.0,0.0,0.0,0.0,36.4445682724776,17.0,37.8424881067594,17.0,,,,,,2022-02,2,2022-02-24,2022-02,C:\Users\janfa\reutlingen-university.de\ParKli - General\AP2_Ko_Produktion\AP2.3_Erzeugen_von_Trainingsdatensätzen\EyeOnWater\Dash_Python\urlTest\src\pages\..\assets\Bilder\19908.png,16728.0,3042.0,True,18.0
,48.4754037,9.1812273,SM-G950F,Android,0,2022-02-24 07:52:37,http://eyeonwater.org/media/eyeonwater_upload/19906.png,19.0,0,0,16.0,,,17,40.127667417238,39.6006329736449,,,,,0.0,,0.0,30.2919667932401,19.0,0.0,0.0,0.0,0.0,0.0,0.0,0.0,0.0,0.0,0.0,40.127667417238,16.0,39.6006329736449,17.0,,,,,,2022-02,2,2022-02-24,2022-02,C:\Users\janfa\reutlingen-university.de\ParKli - General\AP2_Ko_Produktion\AP2.3_Erzeugen_von_Trainingsdatensätzen\EyeOnWater\Dash_Python\urlTest\src\pages\..\assets\Bilder\19906.png,10608.0,1398.0,False,
,48.4749182,9.1755003,SM-G950F,Android,0,2022-01-18 09:55:45,http://eyeonwater.org/media/eyeonwater_upload/19555.png,19.0,0,0,17.0,,,17,36.6533550119551,38.2814070477245,,,,,0.0,34.7026871564988,18.0,34.1973810492809,18.0,0.0,100.0,0.0,0.0,0.0,0.0,0.0,0.0,0.0,0.0,36.6533550119551,17.0,38.2814070477245,17.0,714.0,lindy,120.0,90.0,2.0,2022-01,1,2022-01-18,2022-01,C:\Users\janfa\reutlingen-university.de\ParKli - General\AP2_Ko_Produktion\AP2.3_Erzeugen_von_Trainingsdatensätzen\EyeOnWater\Dash_Python\urlTest\src\pages\..\assets\Bilder\19555.png,4864.0,4069.0,True,17.0
,48.4764527,9.1759997,SM-G950F,Android,0,2022-01-18 09:33:58,http://eyeonwater.org/media/eyeonwater_upload/19553.png,19.0,0,0,12.0,,,13,,66.6500735925342,,,,,0.0,,0.0,62.4457697326946,12.0,0.0,100.0,0.0,0.0,0.0,0.0,0.0,0.0,0.0,0.0,,0.0,66.6500735925342,12.0,714.0,lindy,120.0,90.0,2.0,2022-01,1,2022-01-18,2022-01,C:\Users\janfa\reutlingen-university.de\ParKli - General\AP2_Ko_Produktion\AP2.3_Erzeugen_von_Trainingsdatensätzen\EyeOnWater\Dash_Python\urlTest\src\pages\..\assets\Bilder\19553.png,18128.0,7954.0,False,
,48.4749182,9.1755003,SM-G950F,Android,0,2022-01-18 09:32:50,http://eyeonwater.org/media/eyeonwater_upload/19552.png,19.0,0,0,13.0,,,13,,60.4637962889372,,,,,0.0,,0.0,55.2277639503246,14.0,0.0,0.0,0.0,0.0,0.0,0.0,0.0,0.0,0.0,0.0,,0.0,60.4637962889372,13.0,714.0,lindy,120.0,90.0,2.0,2022-01,1,2022-01-18,2022-01,C:\Users\janfa\reutlingen-university.de\ParKli - General\AP2_Ko_Produktion\AP2.3_Erzeugen_von_Trainingsdatensätzen\EyeOnWater\Dash_Python\urlTest\src\pages\..\assets\Bilder\19552.png,5964.0,2548.0,False,
,48.4749182,9.1755003,SM-G950F,Android,0,2022-01-18 09:30:03,http://eyeonwater.org/media/eyeonwater_upload/19551.png,20.0,0,0,13.0,,,13,59.920973943958,63.8352421395483,,,,,0.0,56.3019203216663,14.0,60.1137685686884,13.0,0.0,100.0,0.0,0.0,0.0,0.0,0.0,0.0,0.0,0.0,59.920973943958,13.0,63.8352421395483,12.0,714.0,lindy,120.0,90.0,2.0,2022-01,1,2022-01-18,2022-01,C:\Users\janfa\reutlingen-university.de\ParKli - General\AP2_Ko_Produktion\AP2.3_Erzeugen_von_Trainingsdatensätzen\EyeOnWater\Dash_Python\urlTest\src\pages\..\assets\Bilder\19551.png,2107.0,747.0,True,13.0
,48.4749182,9.1755003,SM-G950F,Android,0,2022-01-18 09:29:20,http://eyeonwater.org/media/eyeonwater_upload/19550.png,19.0,0,0,14.0,,,14,54.2468404459056,63.4969424506345,,,,,0.0,50.9772073052181,14.0,59.6901539792493,13.0,0.0,100.0,0.0,0.0,0.0,0.0,0.0,0.0,0.0,0.0,54.2468404459056,14.0,63.4969424506345,12.0,714.0,lindy,120.0,90.0,2.0,2022-01,1,2022-01-18,2022-01,C:\Users\janfa\reutlingen-university.de\ParKli - General\AP2_Ko_Produktion\AP2.3_Erzeugen_von_Trainingsdatensätzen\EyeOnWater\Dash_Python\urlTest\src\pages\..\assets\Bilder\19550.png,3772.0,1301.0,True,14.0
,48.4749182,9.1755003,SM-G950F,Android,0,2022-01-18 09:27:24,http://eyeonwater.org/media/eyeonwater_upload/19549.png,19.0,0,0,15.0,,,15,50.0684550534346,51.0956537537035,,,,,0.0,44.9610587215997,16.0,46.2051090584334,15.0,0.0,100.0,0.0,0.0,0.0,0.0,0.0,0.0,0.0,0.0,50.0684550534346,15.0,51.0956537537035,14.0,714.0,lindy,120.0,90.0,2.0,2022-01,1,2022-01-18,2022-01,C:\Users\janfa\reutlingen-university.de\ParKli - General\AP2_Ko_Produktion\AP2.3_Erzeugen_von_Trainingsdatensätzen\EyeOnWater\Dash_Python\urlTest\src\pages\..\assets\Bilder\19549.png,2660.0,520.0,True,15.0
,48.4739353,9.1759759,SM-G950F,Android,0,2022-01-18 09:26:25,http://eyeonwater.org/media/eyeonwater_upload/19548.png,18.0,0,0,14.0,,,14,53.8911490204287,55.4672864046644,,,,,0.0,48.8036394297059,15.0,51.021014001376,14.0,0.0,100.0,0.0,0.0,0.0,0.0,0.0,0.0,0.0,0.0,53.8911490204287,14.0,55.4672864046644,14.0,714.0,lindy,120.0,90.0,2.0,2022-01,1,2022-01-18,2022-01,C:\Users\janfa\reutlingen-university.de\ParKli - General\AP2_Ko_Produktion\AP2.3_Erzeugen_von_Trainingsdatensätzen\EyeOnWater\Dash_Python\urlTest\src\pages\..\assets\Bilder\19548.png,4779.0,813.0,True,14.0
,48.4708012,9.1754498,SM-G950F,Android,0,2022-01-18 09:13:50,http://eyeonwater.org/media/eyeonwater_upload/19545.png,19.0,0,0,15.0,,,15,48.0963913025807,49.8331720698011,,,,,0.0,44.4771882950533,16.0,44.274202228397,16.0,0.0,100.0,0.0,0.0,0.0,0.0,0.0,0.0,0.0,0.0,48.0963913025807,15.0,49.8331720698011,15.0,714.0,lindy,120.0,90.0,2.0,2022-01,1,2022-01-18,2022-01,C:\Users\janfa\reutlingen-university.de\ParKli - General\AP2_Ko_Produktion\AP2.3_Erzeugen_von_Trainingsdatensätzen\EyeOnWater\Dash_Python\urlTest\src\pages\..\assets\Bilder\19545.png,1364.0,624.0,True,15.0
,48.4749182,9.1755003,SM-G950F,Android,0,2022-01-11 09:28:42,http://eyeonwater.org/media/eyeonwater_upload/19480.png,15.0,0,0,17.0,,,17,35.5850197145757,38.5319400371468,,,,,0.0,30.7720010772952,18.0,30.9797881518559,18.0,0.0,100.0,0.0,0.0,0.0,0.0,0.0,0.0,0.0,0.0,35.5850197145757,17.0,38.5319400371468,17.0,714.0,lindy,120.0,90.0,2.0,2022-01,1,2022-01-11,2022-01,C:\Users\janfa\reutlingen-university.de\ParKli - General\AP2_Ko_Produktion\AP2.3_Erzeugen_von_Trainingsdatensätzen\EyeOnWater\Dash_Python\urlTest\src\pages\..\assets\Bilder\19480.png,71838.0,5259.0,True,17.0
,48.4749182,9.1755003,SM-G950F,Android,1,2022-01-11 09:17:05,http://eyeonwater.org/media/eyeonwater_upload/19478.png,0.0,0,0,17.0,,,17,38.1004063122336,40.1832595725937,,,,,0.0,35.0787003983506,17.0,36.9066499384137,17.0,0.0,100.0,0.0,0.0,0.0,0.0,0.0,0.0,0.0,0.0,38.1004063122336,17.0,40.1832595725937,16.0,714.0,lindy,120.0,90.0,2.0,2022-01,1,2022-01-11,2022-01,C:\Users\janfa\reutlingen-university.de\ParKli - General\AP2_Ko_Produktion\AP2.3_Erzeugen_von_Trainingsdatensätzen\EyeOnWater\Dash_Python\urlTest\src\pages\..\assets\Bilder\19478.png,8184.0,3409.0,True,17.0
,48.4749182,9.1755003,SM-G950F,Android,1,2022-01-11 09:03:56,http://eyeonwater.org/media/eyeonwater_upload/19475.png,3.0,0,0,17.0,,,16,35.4175963851158,38.2798993504429,,,,,0.0,33.1608587952102,18.0,36.0096811406558,17.0,0.0,100.0,0.0,0.0,0.0,0.0,0.0,0.0,0.0,0.0,35.4175963851158,17.0,38.2798993504429,17.0,714.0,lindy,120.0,90.0,2.0,2022-01,1,2022-01-11,2022-01,C:\Users\janfa\reutlingen-university.de\ParKli - General\AP2_Ko_Produktion\AP2.3_Erzeugen_von_Trainingsdatensätzen\EyeOnWater\Dash_Python\urlTest\src\pages\..\assets\Bilder\19475.png,2340.0,569.0,True,17.0
,48.4950561,9.2071395,SM-G950F,Android,1,2022-01-11 08:35:27,http://eyeonwater.org/media/eyeonwater_upload/19472.png,15.0,0,0,13.0,,,14,58.0323799429507,62.7772073575741,,,,,0.0,57.2379379769218,13.0,59.9137999178967,13.0,0.0,100.0,0.0,0.0,0.0,0.0,0.0,0.0,0.0,0.0,58.0323799429507,13.0,62.7772073575741,12.0,714.0,lindy,120.0,90.0,2.0,2022-01,1,2022-01-11,2022-01,C:\Users\janfa\reutlingen-university.de\ParKli - General\AP2_Ko_Produktion\AP2.3_Erzeugen_von_Trainingsdatensätzen\EyeOnWater\Dash_Python\urlTest\src\pages\..\assets\Bilder\19472.png,8568.0,4133.0,True,13.0
,48.4772157,9.1841261,SM-G950F,Android,0,2022-01-05 03:24:09,http://eyeonwater.org/media/eyeonwater_upload/19442.png,18.0,0,0,18.0,,,18,33.693661586728,35.0093028466665,,,,,0.0,28.9839427888149,19.0,30.5178095709538,18.0,0.0,75.0,0.0,0.0,0.0,0.0,0.0,0.0,0.0,0.0,33.693661586728,18.0,35.0093028466665,17.0,714.0,lindy,120.0,90.0,2.0,2022-01,1,2022-01-05,2022-01,C:\Users\janfa\reutlingen-university.de\ParKli - General\AP2_Ko_Produktion\AP2.3_Erzeugen_von_Trainingsdatensätzen\EyeOnWater\Dash_Python\urlTest\src\pages\..\assets\Bilder\19442.png,11480.0,5686.0,True,18.0
,48.4706672,9.1753444,SM-G950F,Android,0,2022-01-05 03:02:25,http://eyeonwater.org/media/eyeonwater_upload/19441.png,10.0,0,0,17.0,,,16,,38.2078741041426,,,,,0.0,,0.0,21.5447776512955,21.0,0.0,75.0,0.0,0.0,0.0,0.0,0.0,0.0,0.0,0.0,,0.0,38.2078741041426,17.0,714.0,lindy,120.0,90.0,2.0,2022-01,1,2022-01-05,2022-01,C:\Users\janfa\reutlingen-university.de\ParKli - General\AP2_Ko_Produktion\AP2.3_Erzeugen_von_Trainingsdatensätzen\EyeOnWater\Dash_Python\urlTest\src\pages\..\assets\Bilder\19441.png,126720.0,14809.0,False,
,48.4706672,9.1753444,SM-G950F,Android,0,2022-01-05 03:01:46,http://eyeonwater.org/media/eyeonwater_upload/19443.png,13.0,0,0,16.0,,,15,,42.7271168781642,,,,,0.0,,0.0,97.5850280826923,8.0,0.0,75.0,0.0,0.0,0.0,0.0,0.0,0.0,0.0,0.0,,0.0,42.7271168781642,16.0,714.0,lindy,120.0,90.0,2.0,2022-01,1,2022-01-05,2022-01,C:\Users\janfa\reutlingen-university.de\ParKli - General\AP2_Ko_Produktion\AP2.3_Erzeugen_von_Trainingsdatensätzen\EyeOnWater\Dash_Python\urlTest\src\pages\..\assets\Bilder\19443.png,126720.0,24225.0,False,
,48.9116993,9.217375,SM-G991B,Android,0,2022-11-02 12:26:21,http://eyeonwater.org/media/eyeonwater_upload/22266.png,0.0,0,0,15.0,,,15,47.4032035290754,47.859316720813,,,,,0.0,41.4212474571315,16.0,42.086322705738,16.0,0.0,0.0,0.0,0.0,0.0,0.0,0.0,0.0,0.0,1.23,47.4032035290754,15.0,47.859316720813,15.0,794.0,fauserja,100.0,25.0,2.0,2022-11,11,2022-11-02,2022-11,C:\Users\janfa\reutlingen-university.de\ParKli - General\AP2_Ko_Produktion\AP2.3_Erzeugen_von_Trainingsdatensätzen\EyeOnWater\Dash_Python\urlTest\src\pages\..\assets\Bilder\22266.png,3416.0,406.0,True,16.0
,48.9119403,9.2176693,SM-G975F,Android,0,2022-09-19 12:26:11,http://eyeonwater.org/media/eyeonwater_upload/21675.png,4.0,0,0,16.0,,,16,44.3947249307244,44.176715111968,,,,,0.0,41.8400774482818,16.0,38.176058409517,17.0,0.0,50.0,0.0,0.0,0.0,0.0,0.0,0.0,0.0,0.0,44.3947249307244,16.0,44.176715111968,16.0,946.0,Sonja ,10.0,1.0,1.0,2022-09,9,2022-09-19,2022-09,C:\Users\janfa\reutlingen-university.de\ParKli - General\AP2_Ko_Produktion\AP2.3_Erzeugen_von_Trainingsdatensätzen\EyeOnWater\Dash_Python\urlTest\src\pages\..\assets\Bilder\21675.png,151320.0,23832.0,True,16.0
,48.9113023896837,9.21656136973928,"iPhone12,8",iOS,0,2022-09-19 12:24:26,http://eyeonwater.org/media/eyeonwater_upload/21668.png,1.0,0,0,16.0,,,16,43.0949069323152,140.626871392715,,,,,0.0,,0.0,248.79281938321,1.0,0.0,0.0,0.0,0.0,0.0,0.0,0.0,0.0,0.0,0.0,43.0949069323152,16.0,140.626871392715,6.0,,,,,,2022-09,9,2022-09-19,2022-09,C:\Users\janfa\reutlingen-university.de\ParKli - General\AP2_Ko_Produktion\AP2.3_Erzeugen_von_Trainingsdatensätzen\EyeOnWater\Dash_Python\urlTest\src\pages\..\assets\Bilder\21668.png,129600.0,15563.0,False,
,48.9106132978961,9.21778511273931,"iPhone12,8",iOS,0,2022-09-19 10:01:34,http://eyeonwater.org/media/eyeonwater_upload/21661.png,1.0,0,0,5.0,,,5,,181.537506158929,,,,,0.0,,0.0,316.564188516343,1.0,0.0,100.0,0.0,0.0,0.0,0.0,0.0,0.0,0.0,0.0,,0.0,181.537506158929,5.0,,,,,,2022-09,9,2022-09-19,2022-09,C:\Users\janfa\reutlingen-university.de\ParKli - General\AP2_Ko_Produktion\AP2.3_Erzeugen_von_Trainingsdatensätzen\EyeOnWater\Dash_Python\urlTest\src\pages\..\assets\Bilder\21661.png,78648.0,3726.0,False,
,48.9120201498875,9.21715266527866,"iPhone9,3",iOS,0,2022-09-19 09:23:11,http://eyeonwater.org/media/eyeonwater_upload/21651.png,3.0,0,0,5.0,,,6,,178.241169409075,,,,,0.0,,0.0,320.093036944903,1.0,0.0,50.0,0.0,0.0,0.0,0.0,0.0,0.0,0.0,0.0,,0.0,178.241169409075,5.0,,,,,,2022-09,9,2022-09-19,2022-09,C:\Users\janfa\reutlingen-university.de\ParKli - General\AP2_Ko_Produktion\AP2.3_Erzeugen_von_Trainingsdatensätzen\EyeOnWater\Dash_Python\urlTest\src\pages\..\assets\Bilder\21651.png,129300.0,5335.0,False,
,48.9111953,9.2181975,Pixel 3a,Android,0,2022-05-21 02:06:44,http://eyeonwater.org/media/eyeonwater_upload/20427.png,1.0,0,0,15.0,,,14,48.2053943112559,49.6649760922563,,,,,0.0,43.0931461531687,16.0,41.7316646756897,16.0,0.0,0.0,0.0,0.0,0.0,0.0,0.0,0.0,22.0,0.95,48.2053943112559,15.0,49.6649760922563,15.0,254.0,reiner,200.0,28.0,2.0,2022-05,5,2022-05-21,2022-05,C:\Users\janfa\reutlingen-university.de\ParKli - General\AP2_Ko_Produktion\AP2.3_Erzeugen_von_Trainingsdatensätzen\EyeOnWater\Dash_Python\urlTest\src\pages\..\assets\Bilder\20427.png,44652.0,826.0,True,16.0
,48.91238,9.2171594,M2101K9G,Android,0,2022-04-18 04:40:44,http://eyeonwater.org/media/eyeonwater_upload/20186.png,-1.0,0,0,4.0,,,5,,191.698652199463,,,,,0.0,,0.0,241.467038753444,1.0,0.0,0.0,0.0,0.0,0.0,0.0,0.0,0.0,0.0,0.0,,0.0,191.698652199463,4.0,785.0,BBneo,30.0,5.0,1.0,2022-04,4,2022-04-18,2022-04,C:\Users\janfa\reutlingen-university.de\ParKli - General\AP2_Ko_Produktion\AP2.3_Erzeugen_von_Trainingsdatensätzen\EyeOnWater\Dash_Python\urlTest\src\pages\..\assets\Bilder\20186.png,89077.0,4029.0,False,
,52.5176725,13.324635,SM-G970F,Android,0,2023-11-02 11:12:54,http://eyeonwater.org/media/eyeonwater_upload/25104.png,17.0,0,0,9.0,,,10,88.1275773858994,88.0901269354108,,,,,0.0,90.2172869533926,9.0,88.9039390968709,9.0,0.0,100.0,0.0,0.0,0.0,0.0,0.0,0.0,0.0,0.0,88.1275773858994,9.0,88.0901269354108,9.0,209.0,Illuminas X,720.0,110.0,4.0,2023-11,11,2023-11-02,2023-11,C:\Users\janfa\reutlingen-university.de\ParKli - General\AP2_Ko_Produktion\AP2.3_Erzeugen_von_Trainingsdatensätzen\EyeOnWater\Dash_Python\urlTest\src\pages\..\assets\Bilder\25104.png,1222.0,387.0,True,9.0
,52.5164419,13.3250959,SM-G970F,Android,0,2023-09-21 02:04:50,http://eyeonwater.org/media/eyeonwater_upload/24886.png,12.0,0,0,9.0,,,10,85.464534980209,88.3199765958302,,,,,0.0,84.9547173528971,9.0,88.2253062471667,9.0,0.0,0.0,0.0,0.0,0.0,0.0,0.0,0.0,0.0,0.0,85.464534980209,9.0,88.3199765958302,9.0,209.0,Illuminas X,720.0,110.0,4.0,2023-09,9,2023-09-21,2023-09,C:\Users\janfa\reutlingen-university.de\ParKli - General\AP2_Ko_Produktion\AP2.3_Erzeugen_von_Trainingsdatensätzen\EyeOnWater\Dash_Python\urlTest\src\pages\..\assets\Bilder\24886.png,14130.0,2044.0,True,9.0
,52.5179168,13.3240699,SM-G970F,Android,0,2023-05-17 10:11:20,http://eyeonwater.org/media/eyeonwater_upload/24252.png,8.0,0,0,9.0,,,10,,90.0942582140891,,,,,0.0,,0.0,91.1302020220098,9.0,0.0,0.0,0.0,0.0,0.0,0.0,0.0,0.0,0.0,0.0,,0.0,90.0942582140891,9.0,209.0,Illuminas X,720.0,110.0,4.0,2023-05,5,2023-05-17,2023-05,C:\Users\janfa\reutlingen-university.de\ParKli - General\AP2_Ko_Produktion\AP2.3_Erzeugen_von_Trainingsdatensätzen\EyeOnWater\Dash_Python\urlTest\src\pages\..\assets\Bilder\24252.png,14300.0,1250.0,False,
,52.5177666,13.3240771,SM-G970F,Android,0,2023-03-15 11:18:30,http://eyeonwater.org/media/eyeonwater_upload/23829.png,11.0,0,0,15.0,,,15,50.4821767855064,51.3871336869843,,,,,0.0,,0.0,44.6612831588957,16.0,0.0,0.0,0.0,0.0,0.0,0.0,0.0,0.0,0.0,0.0,50.4821767855064,15.0,51.3871336869843,14.0,209.0,Illuminas X,720.0,110.0,4.0,2023-03,3,2023-03-15,2023-03,C:\Users\janfa\reutlingen-university.de\ParKli - General\AP2_Ko_Produktion\AP2.3_Erzeugen_von_Trainingsdatensätzen\EyeOnWater\Dash_Python\urlTest\src\pages\..\assets\Bilder\23829.png,8784.0,607.0,False,
,52.5179071,13.3244516,SM-G970F,Android,0,2023-02-27 11:10:46,http://eyeonwater.org/media/eyeonwater_upload/23520.png,15.0,0,0,11.0,,,10,71.6403361576762,73.094131093385,,,,,0.0,69.537883547799,11.0,71.1373591958397,11.0,0.0,25.0,0.0,0.0,0.0,0.0,0.0,0.0,0.0,0.0,71.6403361576762,11.0,73.094131093385,11.0,209.0,Illuminas X,720.0,110.0,4.0,2023-02,2,2023-02-27,2023-02,C:\Users\janfa\reutlingen-university.de\ParKli - General\AP2_Ko_Produktion\AP2.3_Erzeugen_von_Trainingsdatensätzen\EyeOnWater\Dash_Python\urlTest\src\pages\..\assets\Bilder\23520.png,10074.0,614.0,True,11.0
,52.5174396,13.3233287,SM-G970F,Android,0,2022-12-13 11:27:59,http://eyeonwater.org/media/eyeonwater_upload/22535.png,12.0,0,0,11.0,,,10,74.5118577031338,74.5078527385829,,,,,0.0,72.9045366326622,11.0,72.8840291637126,11.0,0.0,100.0,0.0,0.0,0.0,0.0,0.0,0.0,3.0,0.0,74.5118577031338,11.0,74.5078527385829,11.0,209.0,Illuminas X,720.0,110.0,4.0,2022-12,12,2022-12-13,2022-12,C:\Users\janfa\reutlingen-university.de\ParKli - General\AP2_Ko_Produktion\AP2.3_Erzeugen_von_Trainingsdatensätzen\EyeOnWater\Dash_Python\urlTest\src\pages\..\assets\Bilder\22535.png,7616.0,471.0,True,11.0
,52.517832,13.324122,SM-G970F,Android,0,2022-04-06 10:13:06,http://eyeonwater.org/media/eyeonwater_upload/20152.png,10.0,0,0,10.0,,,9,76.5732153219384,76.0360919332654,,,,,0.0,,0.0,74.4253075404793,11.0,0.0,100.0,0.0,0.0,0.0,0.0,0.0,0.0,5.0,0.0,76.5732153219384,10.0,76.0360919332654,10.0,209.0,Illuminas X,720.0,110.0,4.0,2022-04,4,2022-04-06,2022-04,C:\Users\janfa\reutlingen-university.de\ParKli - General\AP2_Ko_Produktion\AP2.3_Erzeugen_von_Trainingsdatensätzen\EyeOnWater\Dash_Python\urlTest\src\pages\..\assets\Bilder\20152.png,3402.0,374.0,True,10.0
,52.5177308,13.3239231,SM-G970F,Android,0,2022-03-23 11:19:53,http://eyeonwater.org/media/eyeonwater_upload/20150.png,11.0,0,0,9.0,,,9,,91.4254687093023,,,,,0.0,,0.0,92.6517064705997,9.0,0.0,0.0,0.0,0.0,0.0,0.0,0.0,0.0,5.0,0.0,,0.0,91.4254687093023,9.0,209.0,Illuminas X,720.0,110.0,4.0,2022-03,3,2022-03-23,2022-03,C:\Users\janfa\reutlingen-university.de\ParKli - General\AP2_Ko_Produktion\AP2.3_Erzeugen_von_Trainingsdatensätzen\EyeOnWater\Dash_Python\urlTest\src\pages\..\assets\Bilder\20150.png,15229.0,1309.0,False,
,52.5178918,13.3241379,SM-G970F,Android,0,2022-01-12 11:35:03,http://eyeonwater.org/media/eyeonwater_upload/19496.png,14.0,0,0,9.0,,,9,92.5497231126874,94.5890825260869,,,,,0.0,92.8904881293198,9.0,95.2467163131096,8.0,0.0,100.0,0.0,0.0,0.0,0.0,0.0,0.0,3.0,0.0,92.5497231126874,9.0,94.5890825260869,8.0,209.0,Illuminas X,720.0,110.0,4.0,2022-01,1,2022-01-12,2022-01,C:\Users\janfa\reutlingen-university.de\ParKli - General\AP2_Ko_Produktion\AP2.3_Erzeugen_von_Trainingsdatensätzen\EyeOnWater\Dash_Python\urlTest\src\pages\..\assets\Bilder\19496.png,6386.0,434.0,True,9.0
,52.5176778,13.3225537,SM-G970F,Android,0,2021-10-19 09:49:18,http://eyeonwater.org/media/eyeonwater_upload/19077.png,4.0,0,0,3.0,,,3,220.12706953627,221.418719651538,,,,,0.0,227.310879684784,1.0,228.080614224577,1.0,-1.0,75.0,,,-1.0,,-1.0,,14.0,,220.12706953627,3.0,221.418719651538,2.0,209.0,Illuminas X,720.0,110.0,4.0,2021-10,10,2021-10-19,2021-10,C:\Users\janfa\reutlingen-university.de\ParKli - General\AP2_Ko_Produktion\AP2.3_Erzeugen_von_Trainingsdatensätzen\EyeOnWater\Dash_Python\urlTest\src\pages\..\assets\Bilder\19077.png,7084.0,1501.0,True,3.0
,53.5052059321153,12.6715147517261,"iPhone14,5",iOS,0,2024-07-07 01:16:54,http://eyeonwater.org/media/eyeonwater_upload/27254.png,17.0,0,0,8.0,,,7,,96.4445863127063,,,,,0.0,,0.0,99.4033775982768,8.0,0.0,0.0,0.0,0.0,0.0,0.0,0.0,0.0,0.0,0.0,,0.0,96.4445863127063,8.0,,,,,,2024-07,7,2024-07-07,2024-07,C:\Users\janfa\reutlingen-university.de\ParKli - General\AP2_Ko_Produktion\AP2.3_Erzeugen_von_Trainingsdatensätzen\EyeOnWater\Dash_Python\urlTest\src\pages\..\assets\Bilder\27254.png,55660.0,13478.0,False,
,53.3881683,12.6183478,SM-G970F,Android,0,2022-05-16 11:44:41,http://eyeonwater.org/media/eyeonwater_upload/20359.png,2.0,0,0,8.0,,,8,100.791669792458,102.352515892324,,,,,0.0,103.008719648409,8.0,104.635544349335,8.0,0.0,0.0,0.0,0.0,0.0,0.0,0.0,0.0,18.0,0.0,100.791669792458,8.0,102.352515892324,8.0,209.0,Illuminas X,720.0,110.0,4.0,2022-05,5,2022-05-16,2022-05,C:\Users\janfa\reutlingen-university.de\ParKli - General\AP2_Ko_Produktion\AP2.3_Erzeugen_von_Trainingsdatensätzen\EyeOnWater\Dash_Python\urlTest\src\pages\..\assets\Bilder\20359.png,18326.0,3166.0,True,8.0
,53.3855569,12.6522831,SM-G970F,Android,0,2022-05-16 10:00:42,http://eyeonwater.org/media/eyeonwater_upload/20358.png,12.0,0,0,7.0,,,8,111.522837637905,113.654982336123,,,,,0.0,114.742964732394,7.0,117.162436389668,7.0,0.0,25.0,0.0,0.0,0.0,0.0,0.0,0.0,16.0,0.0,111.522837637905,7.0,113.654982336123,7.0,209.0,Illuminas X,720.0,110.0,4.0,2022-05,5,2022-05-16,2022-05,C:\Users\janfa\reutlingen-university.de\ParKli - General\AP2_Ko_Produktion\AP2.3_Erzeugen_von_Trainingsdatensätzen\EyeOnWater\Dash_Python\urlTest\src\pages\..\assets\Bilder\20358.png,13447.0,2303.0,True,7.0
,53.4801221,12.6214784,SM-G970F,Android,0,2022-05-16 01:22:02,http://eyeonwater.org/media/eyeonwater_upload/20362.png,7.0,0,0,7.0,,,8,117.320744182452,119.71715344567,,,,,0.0,121.226013708416,7.0,124.232831975864,7.0,0.0,0.0,0.0,0.0,0.0,0.0,0.0,0.0,17.0,0.0,117.320744182452,7.0,119.71715344567,7.0,209.0,Illuminas X,720.0,110.0,4.0,2022-05,5,2022-05-16,2022-05,C:\Users\janfa\reutlingen-university.de\ParKli - General\AP2_Ko_Produktion\AP2.3_Erzeugen_von_Trainingsdatensätzen\EyeOnWater\Dash_Python\urlTest\src\pages\..\assets\Bilder\20362.png,31464.0,2023.0,True,7.0
